tid1,tid2,label,p_I1,p_I2,p_P,pair_count,mean_dt_ms,std_dt_ms,speed_diff
1,2,I2,0.4468777022368603,0.4790567636160822,0.0740655341470575,8,412.5,242.06145913796357,0.0
