lane,devSort,reliability
1,1,0.71429
1,2,0.71429
1,3,0.71429
1,4,0.71429
1,5,0.71429
1,6,0.71429
1,7,0.71429
1,8,0.71429
2,1,0.71429
2,2,0.71429
2,3,0.71429
2,4,0.71429
2,5,0.71429
2,6,0.71429
2,7,0.71429
2,8,0.71429
