lane,arrival_rate_per_sec,geom_peak_median,time_len_median
1,0.06956252898438708,625.0,330.0
2,0.18894599886638844,200.0,160.0
