variant,scene_acc,lane_acc
full,0.9262345679012346,0.9262345679012346
no_scene_hmm,0.6666666666666666,0.6666666666666666
