delta_T_ms,same_scan_ratio
300,0.0
500,0.0002314814814814815
700,0.06294181064688138
900,0.2490436905293254
1100,0.38553206106787935
1300,0.4811345840367934
