method,rep_lane,rep_dev,pd_MAE_rep,pd_RMSE_rep,pf_MAE_rep,pf_RMSE_rep,pd_convergence_degrade_s,pd_convergence_recover_s,pf_convergence_degrade_s,pf_convergence_recover_s,pd_posterior_variance_mean,pf_posterior_variance_mean,innovation_variance_reliability_corr,IDSW,Frag,FalseDelete,n_vehicles
rule,1,21,0.1296,0.1780606638199465,0.039900000000000005,0.040454913175039686,,0,,0,0.0,0.0,,359,361,273,250
global,1,21,0.1239353958983286,0.19325333560424726,0.033661652255037686,0.04949221330051249,,0,,0,0.0009666005700724404,0.00022494020905492018,-0.9993437288279585,352,354,266,250
full,1,21,0.1244857397201972,0.16547991895425665,0.025145878055939916,0.03498337823946795,,20,119.0,0,0.002382348377636137,0.00028999991982311816,-0.99617912979458,350,352,263,250
