lane,arrival_rate_per_sec
1,0.06956252898438708
2,0.18894599886638844
